Workbook

Sheet 凡例・サマリー
B2: 単体テスト カバレッジ・マトリクス
B3: 調査対象: RIManager Impl (printer-fw) / 作成日: 2026-08-27
B4: 調査範囲: core/ 配下の全public method・products/common/rim_api.cpp・products/printer_a/printer_a.cpp のC-API群。test/unit/ 配下の既存テストとの突合による、正常系・異常系の網羅状況の可視化。
B6: ■ 凡例
B7: ⭕ | C7: 直接テストが存在する（対象メソッドを名指しで検証）
B8: △ | C8: 間接的/部分的にのみテストされている（他メソッド経由・一部分岐のみ等）
B9: ❌ | C9: テストが存在しない
B10: ー | C10: 対象外（純粋なデータ構造/インターフェース宣言のみ等でロジックがない）
B12: ■ シート構成
B13: カバレッジ一覧 | C13: レイヤ/クラス/メソッド単位の一覧表。正常系・異常系のテスト有無と、想定される異常系シナリオを記載。
B14: 調査メモ・注意事項 | C14: 調査中に見つかった設計上の疑問点（重複クラス、未実装/デッドコード、初期値の扱い等）。
B17: ■ サマリー（調査グループ別）
B18: 調査グループ | C18: 対象メソッド数 | D18: 正常系⭕ | E18: 正常系△ | F18: 正常系❌ | G18: 正常系ー | H18: 異常系⭕ | I18: 異常系△ | J18: 異常系❌ | K18: 異常系ー
B19: A: Adapter/Product/Store/C-API | C19: =COUNTIF(カバレッジ一覧!$I:$I,$M19) -> 98 | D19: =COUNTIFS(カバレッジ一覧!$I:$I,$M19,カバレッジ一覧!$D:$D,"⭕") -> 42 | E19: =COUNTIFS(カバレッジ一覧!$I:$I,$M19,カバレッジ一覧!$D:$D,"△") -> 10 | F19: =COUNTIFS(カバレッジ一覧!$I:$I,$M19,カバレッジ一覧!$D:$D,"❌") -> 43 | G19: =COUNTIFS(カバレッジ一覧!$I:$I,$M19,カバレッジ一覧!$D:$D,"ー") -> 3 | H19: =COUNTIFS(カバレッジ一覧!$I:$I,$M19,カバレッジ一覧!$F:$F,"⭕") -> 12 | I19: =COUNTIFS(カバレッジ一覧!$I:$I,$M19,カバレッジ一覧!$F:$F,"△") -> 0 | J19: =COUNTIFS(カバレッジ一覧!$I:$I,$M19,カバレッジ一覧!$F:$F,"❌") -> 83 | K19: =COUNTIFS(カバレッジ一覧!$I:$I,$M19,カバレッジ一覧!$F:$F,"ー") -> 3 | M19: Adapter/Product/Store/C-API
B20: B: Storage/Accessor/Snapshot | C20: =COUNTIF(カバレッジ一覧!$I:$I,$M20) -> 44 | D20: =COUNTIFS(カバレッジ一覧!$I:$I,$M20,カバレッジ一覧!$D:$D,"⭕") -> 20 | E20: =COUNTIFS(カバレッジ一覧!$I:$I,$M20,カバレッジ一覧!$D:$D,"△") -> 6 | F20: =COUNTIFS(カバレッジ一覧!$I:$I,$M20,カバレッジ一覧!$D:$D,"❌") -> 17 | G20: =COUNTIFS(カバレッジ一覧!$I:$I,$M20,カバレッジ一覧!$D:$D,"ー") -> 1 | H20: =COUNTIFS(カバレッジ一覧!$I:$I,$M20,カバレッジ一覧!$F:$F,"⭕") -> 12 | I20: =COUNTIFS(カバレッジ一覧!$I:$I,$M20,カバレッジ一覧!$F:$F,"△") -> 1 | J20: =COUNTIFS(カバレッジ一覧!$I:$I,$M20,カバレッジ一覧!$F:$F,"❌") -> 30 | K20: =COUNTIFS(カバレッジ一覧!$I:$I,$M20,カバレッジ一覧!$F:$F,"ー") -> 1 | M20: Storage/Accessor/Snapshot
B21: C: Capability | C21: =COUNTIF(カバレッジ一覧!$I:$I,$M21) -> 31 | D21: =COUNTIFS(カバレッジ一覧!$I:$I,$M21,カバレッジ一覧!$D:$D,"⭕") -> 10 | E21: =COUNTIFS(カバレッジ一覧!$I:$I,$M21,カバレッジ一覧!$D:$D,"△") -> 11 | F21: =COUNTIFS(カバレッジ一覧!$I:$I,$M21,カバレッジ一覧!$D:$D,"❌") -> 6 | G21: =COUNTIFS(カバレッジ一覧!$I:$I,$M21,カバレッジ一覧!$D:$D,"ー") -> 4 | H21: =COUNTIFS(カバレッジ一覧!$I:$I,$M21,カバレッジ一覧!$F:$F,"⭕") -> 9 | I21: =COUNTIFS(カバレッジ一覧!$I:$I,$M21,カバレッジ一覧!$F:$F,"△") -> 2 | J21: =COUNTIFS(カバレッジ一覧!$I:$I,$M21,カバレッジ一覧!$F:$F,"❌") -> 16 | K21: =COUNTIFS(カバレッジ一覧!$I:$I,$M21,カバレッジ一覧!$F:$F,"ー") -> 4 | M21: Capability
B22: D: Publisher | C22: =COUNTIF(カバレッジ一覧!$I:$I,$M22) -> 50 | D22: =COUNTIFS(カバレッジ一覧!$I:$I,$M22,カバレッジ一覧!$D:$D,"⭕") -> 33 | E22: =COUNTIFS(カバレッジ一覧!$I:$I,$M22,カバレッジ一覧!$D:$D,"△") -> 4 | F22: =COUNTIFS(カバレッジ一覧!$I:$I,$M22,カバレッジ一覧!$D:$D,"❌") -> 5 | G22: =COUNTIFS(カバレッジ一覧!$I:$I,$M22,カバレッジ一覧!$D:$D,"ー") -> 8 | H22: =COUNTIFS(カバレッジ一覧!$I:$I,$M22,カバレッジ一覧!$F:$F,"⭕") -> 14 | I22: =COUNTIFS(カバレッジ一覧!$I:$I,$M22,カバレッジ一覧!$F:$F,"△") -> 2 | J22: =COUNTIFS(カバレッジ一覧!$I:$I,$M22,カバレッジ一覧!$F:$F,"❌") -> 26 | K22: =COUNTIFS(カバレッジ一覧!$I:$I,$M22,カバレッジ一覧!$F:$F,"ー") -> 8 | M22: Publisher
B23: 合計 | C23: =SUM(C19:C22) -> 223 | D23: =SUM(D19:D22) -> 105 | E23: =SUM(E19:E22) -> 31 | F23: =SUM(F19:F22) -> 71 | G23: =SUM(G19:G22) -> 16 | H23: =SUM(H19:H22) -> 47 | I23: =SUM(I19:I22) -> 5 | J23: =SUM(J19:J22) -> 155 | K23: =SUM(K19:K22) -> 16

Sheet カバレッジ一覧
A1: レイヤ | B1: クラス | C1: メソッド | D1: 正常系 | E1: 正常系テスト（根拠） | F1: 異常系 | G1: 実施済み異常系シナリオ | H1: 想定される異常系シナリオ（提案） | I1: 調査グループ
A2: Adapter | B2: AdapterDispatcher | C2: bool Dispatch(const RIMDataItem&) | D2: ⭕ | E2: AdapterDispatcherTest.DispatchNormalizesAndPushesToRouteQueue; AdapterDispatcherTest.DispatchStoresNormalizedValueWithDefinitionSetValueType | F2: ⭕ | G2: AdapterDispatcherTest.DispatchRejectsUnregisteredDataId (unknown data id → FindDataItem returns nullptr); AdapterDispatcherTest.DispatchRejectsRawValueTypeMismatch (item.value.type != rawValueType) | H2: Data item found in context but missing from RouteProvider's routing table (queue==nullptr path, line `if (queue == nullptr) return false;`) — distinct from "unregistered in context"; normalize() returning a RIMValue whose type doesn't match definition->setValueType (silently mismatched, not validated); queue->storeQueue->Push() returning false (e.g. after Shutdown) is ignored — Dispatch() always returns true in that branch regardless of Push's result, a real bug worth a regression test | I2: Adapter/Product/Store/C-API
A3: Product/Definition | B3: ProductDefinition.cpp (free fn) | C3: const DomainDefinition* FindDomain(product, string_view name) | D3: ⭕ | E3: ProductDefinitionLookupTest.FindExistingDomain | F3: ❌ | H3: Name not found (empty product.domains); domainCount==0 with domains==nullptr; case-sensitivity of name compare | I3: Adapter/Product/Store/C-API
A4: Product/Definition | B4: ProductDefinition.cpp (free fn) | C4: const RouteDefinition* FindRoute(product, string_view name) | D4: ⭕ | E4: ProductDefinitionTest.RouteHasCompressionPolicy; ProductDefinitionTest.RouteHasMinimumNotifyInterval | F4: ❌ | H4: Name not found; routeCount==0 | I4: Adapter/Product/Store/C-API
A5: Product/Definition | B5: ProductDefinition.cpp (free fn) | C5: const RouteDefinition* FindRoute(product, uint32_t id) | D5: ❌ | E5: — (only ProductContext::FindRoute(id) tested via map, not this linear-scan free fn directly) | F5: ❌ | H5: Unknown id; routeCount==0; routes==nullptr | I5: Adapter/Product/Store/C-API
A6: Product/Definition | B6: ProductDefinition.cpp (free fn) | C6: const DataItemDefinition* FindDataItem(product, string_view name) | D6: ⭕ | E6: ProductDefinitionLookupTest.FindExistingDataItem | F6: ❌ | H6: Name not found; empty dataItems array | I6: Adapter/Product/Store/C-API
A7: Product/Definition | B7: ProductDefinition.cpp (free fn) | C7: const DataItemDefinition* FindDataItem(product, RIDataId id) | D7: ⭕ | E7: ProductDefinitionLookupTest.FindErrorList (also used internally in ValidateProductDefinition tests) | F7: ❌ | H7: Unknown id (as free fn, not via ProductContext's O(1) map path — different code path than ProductContextTest.UnknownDataReturnsNull) | I7: Adapter/Product/Store/C-API
A8: Product/Definition | B8: ProductDefinition.cpp (free fn) | C8: const CapabilityItemDefinition* FindCapability(product, string_view name) | D8: ⭕ | E8: ProductDefinitionLookupTest.FindExistingCapability | F8: ❌ | H8: Name not found | I8: Adapter/Product/Store/C-API
A9: Product/Definition | B9: ProductDefinition.cpp (free fn) | C9: const CapabilityItemDefinition* FindCapability(product, RICapabilityId id) | D9: ⭕ | E9: ProductDefinitionLookupTest.FindCapabilityById | F9: ❌ | H9: Unknown id; capabilityCount==0 | I9: Adapter/Product/Store/C-API
A10: Product/Definition | B10: ProductDefinition.cpp (free fn) | C10: const FacadeItemDefinition* FindFacade(product, string_view name) | D10: ❌ | E10: Not exercised by any assigned test file (facade tests live in test/unit/capability/FacadeManagerTest.cpp — out of this group's scope) | F10: ❌ | H10: Not-found name; empty facades array; note this is the renamed "FindPipeline" the task spec expected | I10: Adapter/Product/Store/C-API
A11: Product/Definition | B11: ProductDefinition.cpp (free fn) | C11: const FacadeItemDefinition* FindFacade(product, RIFacadeId id) | D11: ❌ | E11: Same as above | F11: ❌ | H11: Unknown id | I11: Adapter/Product/Store/C-API
A12: Product/Definition | B12: ProductDefinition.cpp (free fn) | C12: const RouteDefinition* GetRoutes(product) | D12: ❌ | E12: Not directly asserted in assigned files; only used internally by ProductContext ctor and RouteProvider::Initialize | F12: ❌ | H12: product.routes==nullptr with routeCount>0 (mismatch); routeCount==0 returning valid-but-unused pointer | I12: Adapter/Product/Store/C-API
A13: Product/Definition | B13: ProductDefinition.cpp (free fn) | C13: size_t GetRouteCount(product) | D13: ❌ | E13: Not directly asserted | F13: ❌ | H13: — | I13: Adapter/Product/Store/C-API
A14: Product/Definition | B14: ProductDefinition.cpp (free fn) | C14: const CapabilityItemDefinition* GetCapabilities(product) | D14: ⭕ | E14: ProductDefinitionLookupTest.EnumerateCapabilities (checks non-null + count>0) | F14: ❌ | H14: capabilityCount==0 / nullptr pointer combination | I14: Adapter/Product/Store/C-API
... A21: Product/Definition | B21: ProductDefinition.cpp (free fn) | C21: size_t GetDomainCount(product) | D21: ⭕ | E21: ProductDefinitionLookupTest.EnumerateDomains | F21: ❌ | H21: — | I21: Adapter/Product/Store/C-API
A22: Product/Definition | B22: ProductDefinition.cpp (free fn) | C22: bool ValidateProductDefinition(product) | D22: ⭕ | E22: ProductDefinitionTest.PrinterAProductDefinitionIsValid | F22: ⭕ | G22: ProductDefinitionTest.RejectDuplicateDomain (dup domain name); RejectDuplicateCapability (dup capability *name*, despite test's title suggesting id); RejectDuplicateDataItemName; RejectDuplicateDataItemId; RejectDuplicateCapabilityId; RejectDataItemWithUnknownRoute (dataItem.routeId not in routes) | H22: DataItem.domain pointer whose name isn't present in product.domains (the `if (!FindDomain(...)) return false;` branch — currently untested); DataItem.domain==nullptr (explicit early-return branch, untested); Capability.requiredDataIds referencing an unknown DataId (untested); Facade duplicate name; Facade duplicate id; Facade.requiredCapabilityIds referencing unknown capability id — none of the Facade-validation branches have any test coverage at all | I22: Adapter/Product/Store/C-API
A23: Product/ProductContext | B23: ProductContext | C23: ProductContext(const ProductDefinition&) [ctor] | D23: △ | E23: Exercised as fixture setup in ProductContextTest, RouteResolverTest, AdapterDispatcherTest, DataStoreWorkerTest, RouteExecutorTest — but never directly asserted on its own | F23: ❌ | H23: Construct with a fully empty ProductDefinition (all nullptr/0) — verify no crash and GetDataItems()==nullptr; construct with duplicate DataItem/Capability ids (constructor doesn't call ValidateProductDefinition, so unordered_map::emplace silently keeps the first and drops the duplicate — currently unverified/undocumented behavior) | I23: Adapter/Product/Store/C-API
A24: Product/ProductContext | B24: ProductContext | C24: const DataDomainMap& DataDomains() const | D24: ❌ | E24: Not asserted in assigned files | F24: ❌ | H24: — | I24: Adapter/Product/Store/C-API
A25: Product/ProductContext | B25: ProductContext | C25: const CapabilityRequiredDomainMap& CapabilityDomains() const | D25: ❌ | E25: Not asserted in assigned files | F25: ❌ | H25: — | I25: Adapter/Product/Store/C-API
A26: Product/ProductContext | B26: ProductContext | C26: const FacadeRequiredCapabilityMap& FacadeCapabilities() const | D26: ❌ | E26: Not asserted in assigned files | F26: ❌ | H26: — | I26: Adapter/Product/Store/C-API
A27: Product/ProductContext | B27: ProductContext | C27: const CapabilityDependencyMap& CapabilityDependencies() const | D27: ❌ | E27: Not asserted in assigned files | F27: ❌ | H27: — | I27: Adapter/Product/Store/C-API
A28: Product/ProductContext | B28: ProductContext | C28: const FacadeDependencyMap& FacadeDependencies() const | D28: ❌ | E28: Not asserted in assigned files | F28: ❌ | H28: — | I28: Adapter/Product/Store/C-API
A29: Product/ProductContext | B29: ProductContext | C29: const DataItemDefinition* FindDataItem(RIDataId) const | D29: ⭕ | E29: ProductContextTest.FindDataItemById; ProductContextTest.RepeatedLookupReturnsSamePointer | F29: ⭕ | G29: ProductContextTest.UnknownDataReturnsNull (id=0xFFFFFFFF not found → nullptr) | H29: Also used pervasively as a dependency of AdapterDispatcher::Dispatch and DataStoreWorker::Process — already covered by those callers' own not-found tests | I29: Adapter/Product/Store/C-API
A30: Product/ProductContext | B30: ProductContext | C30: std::vector<string_view> GetDomains() const | D30: ❌ | E30: Not directly asserted (constructor uses it internally) | F30: ❌ | H30: Empty domains_ returns empty vector — untested | I30: Adapter/Product/Store/C-API
A31: Product/ProductContext | B31: ProductContext | C31: const RouteDefinition* GetRoutes() const | D31: ❌ | E31: Not directly asserted; used internally by RouteProvider::Initialize | F31: ❌ | H31: routes_.empty() → returns nullptr (explicit ternary branch) — untested | I31: Adapter/Product/Store/C-API
A32: Product/ProductContext | B32: ProductContext | C32: size_t GetRouteCount() const | D32: ⭕ | E32: RouteExecutorTest.RouteProviderCreatesQueueForEveryRouteDefinition (compares to routeProvider.GetQueues().size()) | F32: ❌ | H32: — | I32: Adapter/Product/Store/C-API
A33: Product/ProductContext | B33: ProductContext | C33: const DataItemDefinition* GetDataItems() const | D33: ❌ | E33: Not directly asserted; used internally by RouteProvider::Initialize | F33: ❌ | H33: dataItems_.empty() → nullptr branch — untested | I33: Adapter/Product/Store/C-API
A34: Product/ProductContext | B34: ProductContext | C34: size_t GetDataItemCount() const | D34: ❌ | E34: Not directly asserted | F34: ❌ | H34: — | I34: Adapter/Product/Store/C-API
A35: Product/ProductContext | B35: ProductContext | C35: const CapabilityItemDefinition* GetCapabilities() const | D35: ❌ | E35: Not directly asserted (capability tests out of scope) | F35: ❌ | H35: capabilities_.empty() → nullptr branch | I35: Adapter/Product/Store/C-API
A36: Product/ProductContext | B36: ProductContext | C36: size_t GetCapabilityCount() const | D36: ❌ | E36: Not directly asserted | F36: ❌ | H36: — | I36: Adapter/Product/Store/C-API
A37: Product/ProductContext | B37: ProductContext | C37: const CapabilityItemDefinition* FindCapability(RICapabilityId) const | D37: ⭕ | E37: ProductContextTest.FindCapabilityById | F37: ❌ | H37: Unknown capability id → nullptr (parallel test to FindDataItem's UnknownDataReturnsNull doesn't exist for this method) | I37: Adapter/Product/Store/C-API
A38: Product/ProductContext | B38: ProductContext | C38: DomainId FindDataDomainId(RIDataId) const | D38: △ | E38: Used/asserted in DataStoreWorkerTest.UpdatePartitionStorage / StoreErrorList / RouteExecutorTest.ProcessItemFromRouteQueue (asserts result != kInvalidDomainId) | F38: ❌ | H38: Unknown/unmapped data id → kInvalidDomainId return path is never explicitly exercised with an assertion that this happens (DataStoreWorker::Process silently drops such items — no test proves that drop-on-invalid-domain behavior) | I38: Adapter/Product/Store/C-API
A39: Product/ProductContext | B39: ProductContext | C39: DomainId FindCapabilityDomainId(RICapabilityId) const | D39: ❌ | E39: Not tested in assigned files (only in capability/ layer tests, out of scope) | F39: ❌ | H39: Unknown capability id → kInvalidDomainId | I39: Adapter/Product/Store/C-API
A40: Product/ProductContext | B40: ProductContext | C40: const FacadeItemDefinition* FindFacade(RIFacadeId) const | D40: ❌ | E40: Not tested in assigned files | F40: ❌ | H40: Unknown facade id → nullptr | I40: Adapter/Product/Store/C-API
A41: Product/ProductContext | B41: ProductContext | C41: DomainId FindFacadeDomainId(RIFacadeId) const | D41: ❌ | E41: Not tested in assigned files | F41: ❌ | H41: Unknown facade id → kInvalidDomainId | I41: Adapter/Product/Store/C-API
... A44: Product/RouteProvider | B44: RouteProvider | C44: void Initialize(const ProductContext&) | D44: ⭕ | E44: AdapterDispatcherFixture ctor (AdapterDispatcherTest.*); RouteExecutorTest.RouteProviderCreatesQueueForEveryRouteDefinition | F44: ❌ | H44: Re-calling Initialize() a second time on the same instance (queues_.clear()/routingTable_.clear() then rebuild) — dangling `RouteQueues*` risk for anyone holding a pointer from before; DataItemDefinition.routeId referencing a route that doesn't exist triggers `assert(route != nullptr)` — crashes in debug builds, untested; empty ProductDefinition (routeCount==0, dataItemCount==0) | I44: Adapter/Product/Store/C-API
A45: Product/RouteProvider | B45: RouteProvider | C45: RouteQueues* Find(RIDataId) const | D45: ⭕ | E45: AdapterDispatcherTest.DispatchNormalizesAndPushesToRouteQueue (found path); RouteExecutorTest.ProcessItemFromRouteQueue (via GetQueues().find) | F45: ⭕ | G45: AdapterDispatcherTest.DispatchRejectsUnregisteredDataId (explicitly asserts Find(unregisteredId) == nullptr) | H45: Call Find() before Initialize() has ever run (empty routingTable_) | I45: Adapter/Product/Store/C-API
A46: Product/RouteProvider | B46: RouteProvider | C46: const auto& GetQueues() const | D46: ⭕ | E46: RouteExecutorTest.* (iterates/looks up "ValueRoute"); RIM_api Initialize-style usage in rim_api.cpp | F46: ❌ | H46: — (trivial getter) | I46: Adapter/Product/Store/C-API
A47: Product/RouteExecutor | B47: RouteExecutor | C47: RouteExecutor(ctx, queues, domainStore, capabilityManager, facadeManager, publisherQueue, capSnapshotProvider, facadeSnapshotProvider) | D47: ⭕ | E47: RouteExecutorTest.RouteExecutorCountMatchesRouteCount; RouteExecutorTest.ProcessItemFromRouteQueue | F47: ❌ | H47: Construct with a RouteQueues whose storeQueue/capabilityQueue unique_ptrs are null (e.g. from QueueFactory::Create returning {} for an unhandled QueuePolicy) — dereferenced immediately in DataStoreWorker/CapabilityWorker ctors, likely UB/crash, untested | I47: Adapter/Product/Store/C-API
A48: Product/RouteExecutor | B48: RouteExecutor | C48: ~RouteExecutor() | D48: ❌ | E48: Only exercised implicitly at scope-exit of test fixtures; no explicit destruction-behavior assertion | F48: ❌ | H48: Verify destructor safely calls Stop() when Start() was never called; verify no double-join crash | I48: Adapter/Product/Store/C-API
A49: Product/RouteExecutor | B49: RouteExecutor | C49: void Start() | D49: ❌ | E49: Not called anywhere in RouteExecutorTest.cpp (tests use ExecuteOnce() directly instead of the threaded path); Start() is exercised end-to-end via RIM_Start in capi/e2e tests, not as a RouteExecutor-level unit test | F49: ❌ | H49: Calling Start() twice in a row (starts two worker threads concurrently reading the same queue — no guard in RouteExecutor::Start itself, unlike DataStoreWorker::start which checks running_); Start() then immediately Stop() race | I49: Adapter/Product/Store/C-API
A50: Product/RouteExecutor | B50: RouteExecutor | C50: void Stop() | D50: ❌ | E50: Not called directly in RouteExecutorTest.cpp | F50: ❌ | H50: Stop() without prior Start(); Stop() called twice (guarded by stopped_ flag internally — untested that the guard actually prevents double-join) | I50: Adapter/Product/Store/C-API
A51: Product/RouteExecutor | B51: RouteExecutor | C51: bool ExecuteOnce() | D51: ⭕ | E51: RouteExecutorTest.ProcessItemFromRouteQueue | F51: ❌ | H51: ExecuteOnce() on an empty store queue (dataStoreWorker_->ExecuteOnce() returns false → short-circuits before touching capabilityWorker_) — untested; case where dataStoreWorker succeeds but capabilityWorker_->ExecuteOnce() returns false (partial-completion return value) — untested | I51: Adapter/Product/Store/C-API
A52: Common/Queue | B52: EventQueue<T,Policy> | C52: bool Push(const T&) | D52: ⭕ | E52: AdapterDispatcherTest.* (via storeQueue->Push indirectly through Dispatch); DataStoreWorkerTest.* (queues.storeQueue->Push(item) explicit); RouteExecutorTest.ProcessItemFromRouteQueue | F52: ❌ | G52: Push-after-Shutdown-returns-false is tested only in test/unit/publisher/PublisherInputQueueTest.cpp and test/unit/capability/CapabilityInputQueueTest.cpp — both outside this group's assigned test file list | H52: Push() after Shutdown() returns false (proven pattern exists elsewhere but not for the RIMDataItem/CapabilityInput instantiations used by this group) | I52: Adapter/Product/Store/C-API
A53: Common/Queue | B53: EventQueue<T,Policy> | C53: bool TryPop(T&) | D53: ⭕ | E53: AdapterDispatcherTest.DispatchNormalizesAndPushesToRouteQueue; DataStoreWorkerTest.* (queues.capabilityQueue->TryPop) | F53: ⭕ | G53: AdapterDispatcherTest.DispatchNormalizesAndPushesToRouteQueue (extra TryPop after queue drained → EXPECT_FALSE); DataStoreWorkerTest.NoNotificationWhenUnchanged / SameBinaryDoesNotNotifyAgain (TryPop on capabilityQueue expected to fail because no notification was pushed) | H53: — | I53: Adapter/Product/Store/C-API
A54: Common/Queue | B54: EventQueue<T,Policy> | C54: bool WaitAndPop(T&) | D54: ❌ | E54: Not exercised for RIMDataItem/CapabilityInput queues in this group's assigned files (real thread path only used via DataStoreWorker::start()/WorkerLoop, which isn't exercised by DataStoreWorkerTest.cpp — all tests call ExecuteOnce/TryPop instead) | F54: ❌ | H54: Blocking pop unblocked by Shutdown() with empty queue → returns false; concurrent Push from another thread while blocked in WaitAndPop | I54: Adapter/Product/Store/C-API
A55: Common/Queue | B55: EventQueue<T,Policy> | C55: bool WaitAndPopFor(T&, milliseconds) | D55: ❌ | E55: Not exercised in assigned files | F55: ❌ | H55: Timeout elapses with nothing pushed → returns false; item arrives just before timeout | I55: Adapter/Product/Store/C-API
A56: Common/Queue | B56: EventQueue<T,Policy> | C56: void Shutdown() | D56: ❌ | E56: Not exercised in assigned files (DataStoreWorker::stop() calls queue_.Shutdown() but DataStoreWorkerTest.cpp never calls start()/stop(), only ExecuteOnce()) | F56: ❌ | H56: Shutdown() called twice (idempotency); Shutdown() while another thread is blocked in WaitAndPop | I56: Adapter/Product/Store/C-API
A57: Common/Queue | B57: QueueFactory | C57: static unique_ptr<IQueue<T>> Create<T>(QueuePolicy) | D57: △ | E57: DataStoreWorkerTest.* / RouteExecutorTest.* construct queues via QueueFactory::Create<RIMDataItem>(QueuePolicy::Buffered) and QueueFactory::Create<CapabilityInput>(QueuePolicy::Buffered) | F57: ❌ | H57: QueuePolicy::Coalescing branch (never exercised by any assigned test — all use Buffered); an unhandled/future policy value (e.g. the commented-out Priority/PriorityCompression cases) falls through to `return {};` — a null unique_ptr that RouteProvider::Initialize immediately asserts non-null against — untested | I57: Adapter/Product/Store/C-API
A58: Common/Value | B58: RIMValueFactory | C58: static RIMValue CreateBool(bool) | D58: △ | E58: Not directly tested in RIMValueFactoryTest.cpp; correctness implicitly relied upon by DataStoreWorkerTest.GenerateSnapshotEvent/UpdatePartitionStorage, RIManagerValueApiTest.SetAndGetBool | F58: ❌ | H58: No dedicated RIMValueFactoryTest case at all for CreateBool — add one asserting .type==kBool and .value.b matches input for both true/false | I58: Adapter/Product/Store/C-API
A59: Common/Value | B59: RIMValueFactory | C59: static RIMValue CreateInt32(int32_t) | D59: △ | E59: AdapterDispatcherTest.* (ScaleByTen/NarrowToUInt32 dummy normalizers consume it and assertions check resulting value via RIMValueAccessor::GetInt32); RIManagerValueApiTest.SetAndGetInt32 | F59: ❌ | H59: No dedicated RIMValueFactoryTest case; boundary values (INT32_MIN/MAX) untested | I59: Adapter/Product/Store/C-API
A60: Common/Value | B60: RIMValueFactory | C60: static RIMValue CreateUInt32(uint32_t) | D60: △ | E60: AdapterDispatcherTest.DispatchStoresNormalizedValueWithDefinitionSetValueType (via NarrowToUInt32, checked with RIMValueAccessor::GetUInt32) | F60: ❌ | H60: No dedicated RIMValueFactoryTest case; boundary value UINT32_MAX | I60: Adapter/Product/Store/C-API
A61: Common/Value | B61: RIMValueFactory | C61: static RIMValue CreateInt64(int64_t) | D61: ❌ | E61: Not used/tested anywhere in the current repo (grep found zero call sites outside the factory itself) | F61: ❌ | H61: Completely uncovered — needs at least a basic construction test; also boundary values | I61: Adapter/Product/Store/C-API
A62: Common/Value | B62: RIMValueFactory | C62: static RIMValue CreateUInt64(uint64_t) | D62: ❌ | E62: Same — zero call sites anywhere in repo | F62: ❌ | H62: Completely uncovered | I62: Adapter/Product/Store/C-API
A63: Common/Value | B63: RIMValueFactory | C63: static RIMValue CreateDouble(double) | D63: △ | E63: NormalizationFunctionTest.TemperatureSensorA (via NormalizeTemperatureSensorA); RIManagerValueApiTest.SetAndGetDouble | F63: ❌ | H63: No dedicated RIMValueFactoryTest case; NaN/Infinity/negative-zero double values untested | I63: Adapter/Product/Store/C-API
A64: Common/Value | B64: RIMValueFactory | C64: static RIMValue CreateString(const char*) | D64: ❌ | E64: Not used/tested anywhere in the current repo (zero call sites found) | F64: ❌ | H64: Completely uncovered; nullptr string pointer isn't guarded by CreateString at all — worth a test to document/verify current (likely unsafe) behavior | I64: Adapter/Product/Store/C-API
A65: Common/Value | B65: RIMValueFactory | C65: static RIMValue CreateBinary(const uint8_t*, size_t) | D65: ⭕ | E65: RIMValueFactoryTest.CreateBinary (direct, dedicated test); also NormalizationFunctionTest.IdentityBinary, DataStoreWorkerTest.StoreErrorList* | F65: ❌ | H65: nullptr bytes with non-zero size; non-null bytes with size==0; the fact that CreateBinary stores the raw pointer (no copy) is a known sharp edge — a test for "caller buffer freed/reused after CreateBinary but before consumption" would document lifetime requirements | I65: Adapter/Product/Store/C-API
... A70: Store | B70: DataStoreWorker | C70: void stop() | D70: ❌ | E70: Not called directly in DataStoreWorkerTest.cpp | F70: ❌ | H70: stop() called twice (guarded by running_ — untested); stop() without start() (no-op path) | I70: Adapter/Product/Store/C-API
A71: Store | B71: DataStoreWorker | C71: bool ExecuteOnce() | D71: ⭕ | E71: DataStoreWorkerTest.GenerateSnapshotEvent; UpdatePartitionStorage; StoreErrorList; StoreErrorListCopiesBinaryData (verifies deep-copy of binary payload, not just pointer aliasing) | F71: ⭕ | G71: DataStoreWorkerTest.NoNotificationWhenUnchanged (identical bool value pushed twice → DefaultDiff-equivalent suppresses 2nd capability notification); SameBinaryDoesNotNotifyAgain (same content, different buffer → BinaryHash short-circuit suppresses notify); BinaryHashChangedNotifiesAgain (same size, changed content → notifies); BinarySizeChangedNotifiesAgain (size changed → notifies) | H71: ExecuteOnce() on an empty queue → should return false, untested (`if (!queue_.TryPop(item)) return false;` branch); item.id not present in ProductContext (definition==nullptr → silent early return, no store, no notify) — untested; item.id present but FindDataDomainId returns kInvalidDomainId (early return) — untested; item for a data item whose `diff` field is nullptr on first-vs-second write (always notifies, since `exists && definition->diff != nullptr` gate is skipped) — untested | I71: Adapter/Product/Store/C-API
A72: Store | B72: StoreFunctions.hpp | C72: RIMValue IdentityStore(const RIMValue&, const RIMValue& setValue, const void*) | D72: ー | E72: No test exists or is needed as written — this header is not `#include`d by any current product definition (printer_a uses products/common/CommonStoreFunctions.hpp's IdentityStore instead) | F72: ー | H72: Confirm whether this file is intentionally kept for future products or should be removed; if kept, a trivial unit test (input passthrough) would still be cheap insurance | I72: Adapter/Product/Store/C-API
A73: Store | B73: DiffFunctions.hpp | C73: bool DefaultDiff(const RIMValue& lhs, const RIMValue& rhs) | D73: ー | E73: Not included/used anywhere in the current tree (printer_a uses CommonDiffFunctions.hpp's IdentityDiff instead); relies on memcmp over the whole RIMValue struct, which is unsafe for pointer-bearing types (kString/kBinary) since padding/pointer-identity would affect the comparison — no test exercises this at all | F73: ー | H73: If retained, needs tests for: two RIMValues with equal binary content but different backing pointers (would incorrectly report "changed" via memcmp of the pointer field) — a good example why the DataStoreWorker's real logic avoids using this for kBinary | I73: Adapter/Product/Store/C-API
A74: C-API | B74: rim_api.cpp | C74: const char* RIM_GetProductName(void) | D74: ⭕ | E74: RIMApiTest.GetProductNameReturnsExpectedName | F74: ❌ | H74: No !g_context guard exists at all — behavior when called before RIM_Create() is unverified (currently probably fine since it reads static ProductInfo, not g_context, but untested) | I74: Adapter/Product/Store/C-API
A75: C-API | B75: rim_api.cpp | C75: RIStatus RIM_GetVersionInfo(RIM_VERSION_INFO*) | D75: ⭕ | E75: RIMApiTest.GetVersionInfoReturnsCurrentVersion | F75: ⭕ | G75: RIMApiTest.GetVersionInfoReturnsInvalidParameterWhenNullptr | H75: Call before RIM_Create() (also has no g_context check — same as above, unverified) | I75: Adapter/Product/Store/C-API
A76: C-API | B76: rim_api.cpp | C76: const char* RIM_GetVersionString(void) | D76: ⭕ | E76: RIMApiTest.GetVersionStringReturnsExpectedString | F76: ❌ | H76: No params/failure path; N/A | I76: Adapter/Product/Store/C-API
A77: C-API | B77: rim_api.cpp | C77: int RIM_Create(void) | D77: ⭕ | E77: Implicitly via every ASSERT_EQ(RIM_Create(), RI_SUCCESS) call across RIManagerErrorListApiTest.* and RIManagerValueApiTest.* | F77: ❌ | H77: Calling RIM_Create() twice in a row without Destroy (idempotent early-return `if (g_context) return RI_SUCCESS;` — untested that state isn't corrupted/leaked); Create → Destroy → Create cycle (re-init) untested | I77: Adapter/Product/Store/C-API
A78: C-API | B78: rim_api.cpp | C78: int RIM_Destroy(void) | D78: ⭕ | E78: Implicitly via teardown in RIManagerErrorListApiTest.* / RIManagerValueApiTest.* (asserted RI_SUCCESS) | F78: ❌ | H78: RIM_Destroy() called without a prior RIM_Create() → should return RI_NOT_INITIALIZED, untested; RIM_Destroy() called twice in a row (2nd call should hit the `!g_context` branch) — untested | I78: Adapter/Product/Store/C-API
A79: C-API | B79: rim_api.cpp | C79: int RIM_Start(void) | D79: ⭕ | E79: RIManagerValueApiTest.SetAndGetBool/Int32/Double; RIManagerErrorListApiTest.SetAndGetErrorList | F79: ❌ | H79: RIM_Start() without RIM_Create() → RI_NOT_INITIALIZED, untested; RIM_Start() called twice in a row (re-Start already-running route executors/workers) untested | I79: Adapter/Product/Store/C-API
A80: C-API | B80: rim_api.cpp | C80: int RIM_Stop(void) | D80: ⭕ | E80: RIManagerValueApiTest.SetAndGetBool/Int32/Double | F80: ❌ | H80: RIM_Stop() without RIM_Create() → RI_NOT_INITIALIZED, untested; RIM_Stop() called twice in a row untested | I80: Adapter/Product/Store/C-API
A81: C-API | B81: rim_api.cpp | C81: CapabilityAccessor* RIM_GetCapabilityAccessor(void) | D81: ❌ | E81: Not tested in any assigned file (used internally by RIM_GetCapabilityBool/Int32/Double, and indirectly relied on by e2e tests only) | F81: ❌ | H81: Call before RIM_Create() → should/does return nullptr (`if (!g_context) return nullptr;`) — untested; note this function isn't declared in the current include/rim_api.h at all, unlike in old_0818/old_0820 | I81: Adapter/Product/Store/C-API
A82: C-API | B82: rim_api.cpp | C82: FacadeAccessor* RIM_GetFacadeAccessor(void) | D82: ❌ | E82: Not tested anywhere in the assigned or broader test suite that was checked | F82: ❌ | H82: Same as above: not-yet-created state → nullptr; also not declared in include/rim_api.h, so currently unreachable to external callers of the public header | I82: Adapter/Product/Store/C-API
A83: C-API | B83: rim_api.cpp | C83: RIStatus RIM_SubscribeCapability(RICapabilityId, RINotificationCallback, uint64_t*) | D83: ❌ | E83: Not tested in any assigned unit test file (only exercised in test/e2e/EndToEndCApiCallbackTest.cpp, outside this group's scope) | F83: ❌ | H83: !g_context (not initialized); callback==nullptr; subscriptionId==nullptr — all three branches implemented but none unit-tested | I83: Adapter/Product/Store/C-API
A84: C-API | B84: rim_api.cpp | C84: RIStatus RIM_Subscribe(const RI_SUBSCRIPTION_REQUEST*, uint64_t*) | D84: ❌ | E84: Not tested in any assigned unit test file (only in e2e tests) | F84: ❌ | H84: !g_context; request==nullptr; subscriptionId==nullptr; unknown/out-of-range request->targetType or request->method enum values (cast without validation via static_cast) | I84: Adapter/Product/Store/C-API
A85: C-API | B85: rim_api.cpp | C85: RIStatus RIM_GetNotification(uint64_t, rim_notification_message_t*) | D85: ❌ | E85: Not tested in any assigned unit test file | F85: ❌ | H85: notificationMessage==nullptr is checked, but note: this function has no `!g_context` guard at all, unlike every sibling API — calling it before RIM_Create() dereferences a null `g_context` unique_ptr (`g_context->receiver...`) and is a likely crash bug; a regression test for "call before Create" is high priority; also subscriptionId not found (RI_NO_DATA path) | I85: Adapter/Product/Store/C-API
A86: C-API | B86: rim_api.cpp | C86: uint32_t RIM_GetMailboxCount(uint64_t) | D86: ❌ | E86: Not tested in any assigned unit test file | F86: ❌ | H86: !g_context → returns 0U (implemented, untested); unknown subscriptionId | I86: Adapter/Product/Store/C-API
A87: C-API | B87: rim_api.cpp | C87: RIStatus RIM_GetBool(RIDataId, int*) | D87: ⭕ | E87: RIManagerValueApiTest.SetAndGetBool | F87: ⭕ | G87: RIManagerValueApiTest.GetBoolNullValue (nullptr value ptr) | H87: Call before RIM_Create() → RI_NOT_INITIALIZED, untested; dataId never set → RI_NO_DATA via TryReadDataItem failing, untested; dataId that resolves to a non-bool stored value → RI_INTERNAL_ERROR via RIMValueAccessor::GetBool failing, untested | I87: Adapter/Product/Store/C-API
A88: C-API | B88: rim_api.cpp | C88: RIStatus RIM_SetBool(RIDataId, int) | D88: ⭕ | E88: RIManagerValueApiTest.SetAndGetBool | F88: ❌ | H88: Call before RIM_Create() → RI_NOT_INITIALIZED, untested; unregistered/invalid dataId → RI_INVALID_PARAMETER via dispatcher->Dispatch returning false, untested | I88: Adapter/Product/Store/C-API
A89: C-API | B89: rim_api.cpp | C89: RIStatus RIM_GetInt32(RIDataId, int32_t*) | D89: ⭕ | E89: RIManagerValueApiTest.SetAndGetInt32 | F89: ⭕ | G89: RIManagerValueApiTest.GetInt32NullValue | H89: Call before Create; dataId not yet set (RI_NO_DATA); type mismatch (RI_INTERNAL_ERROR) — all untested | I89: Adapter/Product/Store/C-API
A90: C-API | B90: rim_api.cpp | C90: RIStatus RIM_SetInt32(RIDataId, int32_t) | D90: ⭕ | E90: RIManagerValueApiTest.SetAndGetInt32 | F90: ❌ | H90: Call before Create; unregistered dataId → RI_INVALID_PARAMETER — untested | I90: Adapter/Product/Store/C-API
A91: C-API | B91: rim_api.cpp | C91: RIStatus RIM_GetDouble(RIDataId, double*) | D91: ⭕ | E91: RIManagerValueApiTest.SetAndGetDouble | F91: ⭕ | G91: RIManagerValueApiTest.GetDoubleNullValue | H91: Call before Create; not-yet-set dataId; type mismatch — untested | I91: Adapter/Product/Store/C-API
A92: C-API | B92: rim_api.cpp | C92: RIStatus RIM_SetDouble(RIDataId, double) | D92: ⭕ | E92: RIManagerValueApiTest.SetAndGetDouble | F92: ❌ | H92: Call before Create; unregistered dataId → RI_INVALID_PARAMETER — untested | I92: Adapter/Product/Store/C-API
A93: C-API | B93: rim_api.cpp | C93: RIStatus RIM_GetBinary(RIDataId, RI_BINARY*) | D93: △ | E93: Indirectly via RIManagerErrorListApiTest.SetAndGetErrorList → PrinterA_GetErrorList → GetStruct → RIM_GetBinary | F93: ❌ | H93: binary==nullptr direct test (currently only exercised indirectly, since PrinterA_GetErrorList's own null-check for `list` prevents reaching RIM_GetBinary(nullptr,...) directly); dataId not yet set → RI_NO_DATA; bytes==nullptr-but-success-from-accessor path (`if (bytes == nullptr) return RI_NO_DATA;`) — untested; call before Create | I93: Adapter/Product/Store/C-API
A94: C-API | B94: rim_api.cpp | C94: RIStatus RIM_SetBinary(RIDataId, const void*, size_t) | D94: △ | E94: Indirectly via RIManagerErrorListApiTest.SetAndGetErrorList → PrinterA_SetErrorList → SetStruct → RIM_SetBinary | F94: ❌ | H94: data==nullptr direct test (implemented `if (data==nullptr||size==0U) return RI_INVALID_PARAMETER;`, but never hit directly because PrinterA_SetErrorList's own nullptr guard intercepts first); size==0 direct test; call before Create; unregistered dataId | I94: Adapter/Product/Store/C-API
A95: C-API | B95: rim_api.cpp | C95: RIStatus RIM_GetCapabilityBool(RICapabilityId, int*) | D95: ❌ | E95: Not tested in any assigned unit test file | F95: ❌ | H95: capability==nullptr; accessor==nullptr (not yet created); capability id not found (RI_NO_DATA); type mismatch (RI_INTERNAL_ERROR) — all implemented, none unit-tested here | I95: Adapter/Product/Store/C-API
A96: C-API | B96: rim_api.cpp | C96: RIStatus RIM_GetCapabilityInt32(RICapabilityId, int32_t*) | D96: ❌ | E96: Not tested in any assigned unit test file | F96: ❌ | H96: Same four branches as above, untested | I96: Adapter/Product/Store/C-API
A97: C-API | B97: rim_api.cpp | C97: RIStatus RIM_GetCapabilityDouble(RICapabilityId, double*) | D97: ❌ | E97: Not tested in any assigned unit test file | F97: ❌ | H97: Same four branches as above, untested | I97: Adapter/Product/Store/C-API
A98: C-API | B98: printer_a.cpp | C98: RIStatus PrinterA_SetErrorList(const RI_FAULT_INFO_LIST*) | D98: ⭕ | E98: RIManagerErrorListApiTest.SetAndGetErrorList | F98: ⭕ | G98: RIManagerErrorListApiTest.SetErrorListNullList (nullptr list) | H98: Call before RIM_Create() (SetStruct→RIM_SetBinary would hit !g_context, untested at this wrapper level); list->count exceeding the fixed RI_FAULT_INFO_LIST entries array capacity (never validated — whole struct is memcpy'd via SetStruct's sizeof(T), so an oversized/garbage count field is stored as-is) | I98: Adapter/Product/Store/C-API
A99: C-API | B99: printer_a.cpp | C99: RIStatus PrinterA_GetErrorList(RI_FAULT_INFO_LIST*) | D99: ⭕ | E99: RIManagerErrorListApiTest.SetAndGetErrorList | F99: ⭕ | G99: RIManagerErrorListApiTest.GetErrorListNullList (nullptr list) | H99: Call before any SetErrorList has ever run → RI_NO_DATA via TryReadDataItem, untested; call before RIM_Create(); GetStruct's own internal check `binary.size != sizeof(T) → RI_INTERNAL_ERROR` (stored binary payload of unexpected size) — completely untested edge in the template helper | I99: Adapter/Product/Store/C-API
A100: Storage | B100: PartitionStorage | C100: void Store(const RIMDataItem&) | D100: ⭕ | E100: PartitionStorageTest.StoreAndGet, PartitionStorageTest.OverwriteValue, PartitionStorageRegistryTest.StoreItemsInDifferentDomains | F100: ⭕ | G100: PartitionStorageTest.OverwriteValue (overwrite same id); PartitionStorageThreadTest.ConcurrentWrite, PartitionStorageThreadTest.ReadWrite (concurrent access) | H100: Store kBinary item where `RIMValueAccessor::GetBinary` fails despite type==kBinary (malformed value; internal `binaries_` not updated but `items_` still holds original raw pointer/size — possible dangling data); overwrite a previously-binary id with a non-binary value and verify `binaries_.erase` actually removed the stale binary entry (currently untested); store with size 0 binary buffer | I100: Storage/Accessor/Snapshot
A101: Storage | B101: PartitionStorage | C101: bool Find(StorageItemId, RIMDataItem&) const | D101: ⭕ | E101: PartitionStorageTest.StoreAndGet | F101: ⭕ | G101: PartitionStorageTest.UnknownData (not found); PartitionStorageThreadTest.ConcurrentRead, ReadWrite (concurrent access) | H101: Find immediately after erase-via-overwrite-type-change; Find on id 0 / max uint32 boundary id | I101: Storage/Accessor/Snapshot
A102: Storage | B102: PartitionStorage | C102: std::vector<RIMDataItem> GetAll() const | D102: ⭕ | E102: PartitionStorageTest.GetAllReturnsStoredItems | F102: ❌ | H102: GetAll() on empty (never-stored) storage should return empty vector — not explicitly asserted | I102: Storage/Accessor/Snapshot
A103: Storage | B103: PartitionStorage | C103: bool GetBinaryHash(RIDataId, uint64_t&) const | D103: ⭕ | E103: PartitionStorageTest.GetBinaryHash, PartitionStorageTest.BinaryHashChangesWhenDataChanges | F103: ❌ | H103: GetBinaryHash for unknown/never-stored id → should return false (no test exists, unlike GetBinaryInfoUnknownReturnsFalse); GetBinaryHash for an id present in `items_` but non-binary type (never entered `binaries_`) — should return false, not crash | I103: Storage/Accessor/Snapshot
A104: Storage | B104: PartitionStorage | C104: bool GetBinaryInfo(RIDataId, BinaryInfo&) const | D104: ⭕ | E104: PartitionStorageTest.GetBinaryInfo | F104: ⭕ | G104: PartitionStorageTest.GetBinaryInfoUnknownReturnsFalse (not found) | H104: GetBinaryInfo for id that was binary then overwritten to non-binary (erased) | I104: Storage/Accessor/Snapshot
A105: Storage | B105: PartitionStorageRegistry | C105: PartitionStorage& GetOrCreate(DomainId) | D105: ⭕ | E105: PartitionStorageRegistryTest.GetOrCreateReturnsSameStorage, DifferentDomainsReturnDifferentStorage | F105: ❌ | H105: Concurrent GetOrCreate() from multiple threads for the same new domain id (verify only one PartitionStorage instance is created, no race in `storages_[id]` construction); GetOrCreate with DomainId 0 / kInvalidDomainId | I105: Storage/Accessor/Snapshot
A106: Storage | B106: PartitionStorageRegistry | C106: const PartitionStorage* Find(DomainId) const | D106: ⭕ | E106: PartitionStorageRegistryTest.FindReturnsExistingStorage | F106: ⭕ | G106: PartitionStorageRegistryTest.FindUnknownReturnsNullptr (not found) | H106: Find() concurrently with GetOrCreate() creating new domains | I106: Storage/Accessor/Snapshot
A107: Storage | B107: PartitionStorageRegistry | C107: std::vector<DomainId> GetDomainIds() const | D107: ❌ | F107: ❌ | H107: GetDomainIds on empty registry returns empty vector; GetDomainIds after several GetOrCreate calls returns exactly those ids with no duplicates — currently completely untested | I107: Storage/Accessor/Snapshot
A108: Storage | B108: PartitionStorageRegistry | C108: bool FindData(DomainId, RIDataId, RIMDataItem&) const | D108: ❌ | F108: ❌ | H108: FindData with unknown domainId (registry lookup fails, path A); FindData with known domain but unknown dataId (delegate Find fails, path B) — both untested; currently zero coverage of this method | I108: Storage/Accessor/Snapshot
A109: Storage | B109: PartitionStorageRegistry | C109: std::vector<RIMDataItem> GetAll() const | D109: ❌ | F109: ❌ | H109: GetAll() across multiple domains aggregates correctly; GetAll() on empty registry returns empty vector — untested entirely | I109: Storage/Accessor/Snapshot
A110: Storage | B110: PartitionStorageRegistry | C110: void Dump() const | D110: ❌ | F110: ❌ | H110: Dump() with empty registry (no domains); Dump() with each ValueType variant (bool/int32/uint32/int64/uint64/double/string incl. null string pointer/binary) to ensure no crash on the `str ? str : "(null)"` branch and default case for unhandled types — entirely untested (stdout side-effect, hard to unit test as-is) | I110: Storage/Accessor/Snapshot
A111: Storage | B111: DataDomainMap | C111: DataDomainMap(const ProductDefinition&) | D111: △ | E111: DataDomainMapTest.ExistingDataReturnsDomain (and used as setup in many other tests) | F111: ❌ | H111: ProductDefinition with dataItemCount==0 (empty map); two different dataIds sharing the same DomainDefinition pointer should map to the identical DomainId (dedup logic in ctor) — not directly asserted; verify domain-id assignment order stability isn't required by any caller | I111: Storage/Accessor/Snapshot
A112: Storage | B112: DataDomainMap | C112: DomainId Find(RIDataId) const | D112: ⭕ | E112: DataDomainMapTest.ExistingDataReturnsDomain, SameDomainReturnsSameDomainId | F112: ⭕ | G112: DataDomainMapTest.UnknownDataReturnsInvalidDomain (not found) | H112: Find with RIDataId 0 (potential sentinel value) | I112: Storage/Accessor/Snapshot
...

Sheet 調査メモ・注意事項
B2: 調査中に見つかった設計上の注意点・疑問点
B4: [A] | C4: AdapterDispatcher::Dispatch は queue->storeQueue->Push() の戻り値を確認しておらず、Push が false（Shutdown後等）を返しても常に true を返す。回帰テストが望ましい。
B5: [A] | C5: RIM_GetNotification には他のAPIと違い !g_context のガードが一切ない。RIM_Create() 前に呼ぶと g_context の null unique_ptr を参照しクラッシュする可能性が高い（要優先対応）。
B6: [A] | C6: RIMValueFactory::CreateInt64 / CreateUInt64 / CreateString は現行コードから一切呼び出されておらず、テストも皆無。
B7: [A] | C7: RIMValueFactory::CreateBinaryInput は現行ツリーには存在しない（old_0818/old_0820 のみに残存）。
B8: [A] | C8: core/store/include/StoreFunctions.hpp・DiffFunctions.hpp はどの製品定義からも#includeされていないデッドコード。DiffFunctions.hpp の DefaultDiff は RIMValue 全体を memcmp しており、kBinary/kString のようなポインタ保持型には本質的に安全でない。
B9: [A] | C9: RouteProvider::Initialize は再実行するとキューを作り直すため、以前の Find() 結果（RouteQueues*）を保持しているコードがあればダングリングポインタになる。また route 未解決時は assert に依存しており、Release ビルドでは検出されない。
B10: [B] | C10: core/storage/include/SnapshotBuilder.hpp と core/storage/snapshot/include/SnapshotBuilder.hpp が同一クラスを重複宣言している（内容は一致しているため実害はないが、インクルードパスの順序に依存する設計になっている）。
B11: [B] | C11: 旧 DomainStorage / DomainStorageRegistry は現行ツリーでは PartitionStorage / PartitionStorageRegistry にリネームされている。
B12: [B] | C12: test/unit/accessor/ReactiveInfoManagerTest.cpp という名前だが、実際には ReactiveInfoManager というクラスは存在せず、SubscriberMailboxManager と NotificationReceiver（Publisherレイヤ）をテストしている。テストファイル名が実体と乖離している。
B13: [B] | C13: RIMSnapshot::GetBinaryHash() はヘッダで宣言されているが実装(.cpp)がどこにも存在しない。呼び出すとリンクエラーになる可能性が高い。
B14: [B] | C14: FacadeRequiredCapabilityMap はテストが皆無で、コンストラクタ内のドメイン解決ロジックもコメントで「暫定」と明記された未完成の実装。
B15: [B] | C15: FacadeAccessor はテストファイルからの参照が一件もなく、完全に未テスト。
... B20: [D] | C20: 詳細は「カバレッジ一覧」シートのPublisher行を参照。CallbackQueue/SubscriberMailboxManager等のShutdown後Push・並行アクセス系のテストが手薄。
